City_ID,City,Country,Date,Lat,Lng,Max Temp,Humidity,Cloudiness,Wind Speed,Country
0,Nikolskoye,RU,2022-09-14 12:25:39,59.7035,30.7861,54.79,75,100,7.54,RU
1,Hadzici,BA,2022-09-14 12:25:39,43.8222,18.2067,78.13,47,0,8.05,BA
2,Zhezkazgan,KZ,2022-09-14 12:25:40,47.8043,67.7144,67.98,17,0,20.13,KZ
3,Sakaiminato,JP,2022-09-14 12:25:40,35.55,133.2333,76.98,88,40,19.57,JP
4,Bredasdorp,ZA,2022-09-14 12:25:41,-34.5322,20.0403,83.62,22,0,10.49,ZA
5,Lazaro Cardenas,MX,2022-09-14 12:23:48,17.9583,-102.2,76.06,86,99,4.52,MX
6,Waddan,LY,2022-09-14 12:25:41,29.1614,16.139,90.46,28,0,2.95,LY
7,Chimbote,PE,2022-09-14 12:25:42,-9.0853,-78.5783,60.46,84,96,6.67,PE
8,Kenai,US,2022-09-14 12:25:43,60.5544,-151.2583,45.09,97,20,3.44,US
9,Yellowknife,CA,2022-09-14 12:25:00,62.456,-114.3525,41.56,93,20,4.61,CA
10,Punta Arenas,CL,2022-09-14 12:21:07,-53.15,-70.9167,33.82,80,0,11.5,CL
11,Walvis Bay,NA,2022-09-14 12:20:52,-22.9575,14.5053,63.55,67,40,8.05,NA
12,Harper,LR,2022-09-14 12:25:44,4.375,-7.7169,79.12,75,100,10.29,LR
13,Zatoka,UA,2022-09-14 12:25:45,46.0725,30.4654,69.06,54,41,16.31,UA
14,Cape Town,ZA,2022-09-14 12:20:56,-33.9258,18.4232,82.81,42,0,10.36,ZA
15,Bluff,NZ,2022-09-14 12:22:13,-46.6,168.3333,46.8,71,86,23.4,NZ
16,Cherskiy,RU,2022-09-14 12:25:46,68.75,161.3,36.3,90,100,5.5,RU
17,Saint-Philippe,RE,2022-09-14 12:25:46,-21.3585,55.7679,76.59,73,90,8.81,RE
18,New Norfolk,AU,2022-09-14 12:25:47,-42.7826,147.0587,45.9,93,0,3.04,AU
19,Albany,US,2022-09-14 12:25:47,42.6001,-73.9662,62.4,89,0,1.01,US
20,Okha,RU,2022-09-14 12:25:48,53.5739,142.9478,48.65,87,50,10.63,RU
21,Alpine,US,2022-09-14 12:25:48,32.835,-116.7664,65.93,91,100,0.0,US
22,Faanui,PF,2022-09-14 12:25:49,-16.4833,-151.75,78.13,73,90,22.5,PF
23,Kuryk,KZ,2022-09-14 12:25:49,43.2,51.65,78.12,33,34,10.83,KZ
24,Port Elizabeth,ZA,2022-09-14 12:21:37,-33.918,25.5701,73.31,59,0,12.66,ZA
25,Lasa,IT,2022-09-14 12:25:50,46.6166,10.7002,67.69,70,100,6.2,IT
26,Atuona,PF,2022-09-14 12:25:51,-9.8,-139.0333,75.87,75,13,15.08,PF
27,Portland,US,2022-09-14 12:25:06,45.5234,-122.6762,62.82,82,83,1.86,US
28,Amga,RU,2022-09-14 12:25:51,60.8953,131.9608,39.36,81,100,15.12,RU
29,Rikitea,PF,2022-09-14 12:23:12,-23.1203,-134.9692,70.11,80,100,14.25,PF
30,Canyon,US,2022-09-14 12:25:52,34.9803,-101.9188,68.85,68,79,10.76,US
31,Lock Haven,US,2022-09-14 12:25:53,41.137,-77.4469,60.91,90,13,3.47,US
32,Port Alfred,ZA,2022-09-14 12:25:53,-33.5906,26.891,71.19,76,0,7.0,ZA
33,Thompson,CA,2022-09-14 12:25:54,55.7435,-97.8558,28.56,93,40,2.3,CA
34,Vanimo,PG,2022-09-14 12:25:54,-2.6741,141.3028,79.43,81,73,8.01,PG
35,Baruun-Urt,MN,2022-09-14 12:25:55,46.6806,113.2792,65.3,40,98,12.37,MN
36,Menongue,AO,2022-09-14 12:25:55,-14.6585,17.691,93.16,10,10,8.99,AO
37,Izhmorskiy,RU,2022-09-14 12:25:56,56.194,86.6414,45.68,68,83,5.7,RU
38,Batagay-Alyta,RU,2022-09-14 12:25:56,67.8006,130.4114,35.11,96,100,4.36,RU
39,Kapaa,US,2022-09-14 12:25:57,22.0752,-159.319,77.32,78,40,11.5,US
40,Norman Wells,CA,2022-09-14 12:25:57,65.282,-126.8329,35.64,100,75,2.3,CA
41,Viedma,AR,2022-09-14 12:25:58,-40.8135,-62.9967,53.8,51,48,16.31,AR
42,Arraial Do Cabo,BR,2022-09-14 12:25:58,-22.9661,-42.0278,73.36,83,40,18.41,BR
43,Saskylakh,RU,2022-09-14 12:25:59,71.9167,114.0833,34.5,72,100,6.6,RU
44,Busselton,AU,2022-09-14 12:26:00,-33.65,115.3333,57.07,65,85,17.4,AU
45,Raichur,IN,2022-09-14 12:26:00,16.2,77.3667,80.67,70,99,9.75,IN
46,Lorengau,PG,2022-09-14 12:27:01,-2.0226,147.2712,81.86,76,73,10.45,PG
47,Jatiroto,ID,2022-09-14 12:27:01,-7.8833,111.1167,74.68,80,4,6.13,ID
48,Mataura,NZ,2022-09-14 12:27:02,-46.1927,168.8643,46.47,97,42,3.31,NZ
49,Khatanga,RU,2022-09-14 12:27:02,71.9667,102.5,34.05,98,100,12.46,RU
50,Hare Bay,CA,2022-09-14 12:27:03,48.8499,-54.0148,52.95,78,98,6.89,CA
51,Vieques,PR,2022-09-14 12:27:03,18.425,-65.8329,84.24,74,40,9.22,PR
52,Georgetown,MY,2022-09-14 12:25:24,5.4112,100.3354,85.89,76,20,3.44,MY
53,Jamestown,US,2022-09-14 12:23:37,42.097,-79.2353,61.72,92,100,5.75,US
54,East London,ZA,2022-09-14 12:23:25,-33.0153,27.9116,74.34,64,0,16.11,ZA
55,Anadyr,RU,2022-09-14 12:27:04,64.75,177.4833,41.5,86,100,6.71,RU
56,Avarua,CK,2022-09-14 12:27:05,-21.2078,-159.775,73.45,83,40,8.05,CK
57,Cayenne,GF,2022-09-14 12:27:06,4.9333,-52.3333,86.04,70,20,6.91,GF
58,Port Lincoln,AU,2022-09-14 12:27:06,-34.7333,135.8667,54.57,67,7,19.46,AU
59,Kangaba,ML,2022-09-14 12:27:07,11.9333,-8.4167,85.64,63,99,6.71,ML
60,Gornozavodsk,RU,2022-09-14 12:27:07,58.3758,58.3211,58.6,49,100,4.45,RU
61,Jesup,US,2022-09-14 12:24:45,31.6074,-81.8854,69.71,82,0,0.0,US
62,Murray Bridge,AU,2022-09-14 12:27:08,-35.1167,139.2667,57.13,90,65,7.76,AU
63,Pietersburg,ZA,2022-09-14 12:27:09,-23.9045,29.4688,67.05,52,20,12.66,ZA
64,Kulu,TR,2022-09-14 12:27:09,39.0951,33.0799,73.53,23,7,2.08,TR
65,Geraldton,AU,2022-09-14 12:27:10,-28.7667,114.6,59.41,77,100,8.05,AU
66,Aklavik,CA,2022-09-14 12:27:10,68.2191,-135.0107,40.26,88,100,7.09,CA
67,Kumluca,TR,2022-09-14 12:27:11,36.3703,30.2869,84.74,46,0,9.19,TR
68,Hami,CN,2022-09-14 12:23:34,42.8,93.45,78.49,16,0,8.5,CN
69,Faya,SA,2022-09-14 12:23:23,18.3851,42.4509,86.52,20,48,5.39,SA
70,Mount Gambier,AU,2022-09-14 12:27:12,-37.8333,140.7667,54.34,96,100,14.29,AU
71,Tuktoyaktuk,CA,2022-09-14 12:23:25,69.4541,-133.0374,33.03,81,96,18.25,CA
72,Chokurdakh,RU,2022-09-14 12:24:19,70.6333,147.9167,38.34,68,100,7.94,RU
73,Dhidhdhoo,MV,2022-09-14 12:27:13,6.8833,73.1,81.88,73,73,8.48,MV
74,Bandarbeyla,SO,2022-09-14 12:27:13,9.4942,50.8122,86.4,59,82,30.71,SO
75,Santa Ines,BR,2022-09-14 12:27:14,-3.6667,-45.38,84.69,62,25,6.55,BR
76,Butaritari,KI,2022-09-14 12:27:14,3.0707,172.7902,80.74,78,29,11.1,KI
77,Nabire,ID,2022-09-14 12:25:08,-3.3667,135.4833,77.34,86,39,1.88,ID
78,Amapa,BR,2022-09-14 12:27:15,1.0,-52.0,82.09,66,30,5.06,BR
79,La Ronge,CA,2022-09-14 12:27:16,55.1001,-105.2842,52.05,76,75,5.75,CA
80,Kahului,US,2022-09-14 12:24:38,20.8947,-156.47,77.85,79,0,12.66,US
81,Codrington,AU,2022-09-14 12:27:16,-38.2667,141.9667,54.55,92,100,19.42,AU
82,Lebu,CL,2022-09-14 12:27:17,-37.6167,-73.65,48.2,75,67,4.34,CL
83,Mar Del Plata,AR,2022-09-14 12:27:17,-38.0023,-57.5575,48.09,94,100,4.61,AR
84,Ushuaia,AR,2022-09-14 12:26:50,-54.8,-68.3,40.66,48,0,2.3,AR
85,Husavik,IS,2022-09-14 12:27:18,66.0449,-17.3389,42.91,77,99,11.01,IS
86,Puerto Ayora,EC,2022-09-14 12:27:19,-0.7393,-90.3518,63.55,100,99,4.0,EC
87,Tazovskiy,RU,2022-09-14 12:27:19,67.4667,78.7,44.94,93,100,8.46,RU
88,Tura,IN,2022-09-14 12:27:19,25.5198,90.2201,74.25,97,90,5.12,IN
89,Laguna,US,2022-09-14 12:27:20,38.421,-121.4238,60.78,84,0,9.22,US
90,Port Blair,IN,2022-09-14 12:27:20,11.6667,92.75,80.64,83,75,5.75,IN
91,Tasiilaq,GL,2022-09-14 12:27:21,65.6145,-37.6368,35.76,70,6,5.97,GL
92,Caernarfon,GB,2022-09-14 12:28:22,53.1413,-4.2702,60.53,77,75,12.66,GB
93,Tarnos,FR,2022-09-14 12:28:23,43.5417,-1.4628,87.67,39,75,12.66,FR
94,Peleduy,RU,2022-09-14 12:28:23,59.6289,112.7406,44.26,75,98,4.18,RU
95,Dikson,RU,2022-09-14 12:28:24,73.5069,80.5464,38.89,70,53,14.97,RU
96,Berlevag,NO,2022-09-14 12:28:24,70.8578,29.0864,44.6,61,40,5.75,NO
97,Clyde River,CA,2022-09-14 12:28:25,70.4692,-68.5914,37.63,100,100,6.91,CA
98,Touros,BR,2022-09-14 12:23:35,-5.1989,-35.4608,82.53,67,50,16.58,BR
99,Vigrestad,NO,2022-09-14 12:23:39,58.5667,5.7,56.59,76,88,16.58,NO
100,Carnarvon,AU,2022-09-14 12:28:26,-24.8667,113.6333,66.02,62,51,24.56,AU
101,Westport,US,2022-09-14 12:23:32,41.1415,-73.3579,67.26,85,0,7.0,US
102,Hilo,US,2022-09-14 12:28:27,19.7297,-155.09,76.28,73,20,5.75,US
103,Vaini,TO,2022-09-14 12:28:27,-21.2,-175.2,75.36,88,20,5.75,TO
104,Tulum,MX,2022-09-14 12:28:28,20.2167,-87.4667,77.95,93,95,5.32,MX
105,Tiksi,RU,2022-09-14 12:28:28,71.6872,128.8694,36.77,98,100,0.72,RU
106,Hermanus,ZA,2022-09-14 12:28:29,-34.4187,19.2345,79.81,54,0,5.59,ZA
107,Kiruna,SE,2022-09-14 12:28:29,67.8557,20.2251,38.32,100,100,6.91,SE
108,Qaanaaq,GL,2022-09-14 12:28:30,77.484,-69.3632,33.06,77,82,4.92,GL
109,Baghdad,IQ,2022-09-14 12:28:22,33.3406,44.4009,105.71,14,0,11.5,IQ
110,Lulea,SE,2022-09-14 12:28:30,65.5842,22.1547,53.67,87,75,4.61,SE
111,Ahipara,NZ,2022-09-14 12:28:31,-35.1667,173.1667,49.64,76,7,4.99,NZ
112,Tocopilla,CL,2022-09-14 12:28:31,-22.092,-70.1979,62.74,58,3,1.59,CL
113,Cairns,AU,2022-09-14 12:28:32,-16.9167,145.7667,73.35,84,16,6.91,AU
114,Hualmay,PE,2022-09-14 12:28:32,-11.0964,-77.6139,59.54,85,76,6.67,PE
115,Ambilobe,MG,2022-09-14 12:28:33,-13.2,49.05,85.12,41,89,3.69,MG
116,Tanout,NE,2022-09-14 12:28:33,14.9709,8.8879,94.8,32,7,7.27,NE
117,Hobart,AU,2022-09-14 12:27:05,-42.8794,147.3294,46.26,72,0,5.75,AU
118,Ponta Do Sol,PT,2022-09-14 12:28:34,32.6667,-17.1,81.23,57,19,5.48,PT
119,Doba,TD,2022-09-14 12:28:34,8.65,16.85,85.33,65,99,4.63,TD
120,Barrow,US,2022-09-14 12:28:34,71.2906,-156.7887,33.82,93,100,21.85,US
121,Sassari,IT,2022-09-14 12:28:35,40.7272,8.5603,87.58,48,98,10.83,IT
122,Jega,NG,2022-09-14 12:28:36,12.2175,4.3792,89.02,58,8,4.65,NG
123,Cheremukhovo,RU,2022-09-14 12:28:36,60.3484,59.9851,55.15,61,63,1.95,RU
124,Bengkulu,ID,2022-09-14 12:28:37,-3.8004,102.2655,77.92,84,64,8.08,ID
125,Iqaluit,CA,2022-09-14 12:28:37,63.7506,-68.5145,42.53,81,75,4.61,CA
126,Olecko,PL,2022-09-14 12:28:38,54.0337,22.507,61.77,65,51,12.64,PL
127,Saint-Augustin,CA,2022-09-14 12:28:38,51.226,-58.6502,59.88,77,100,8.52,CA
128,Muros,ES,2022-09-14 12:28:38,42.7762,-9.0603,72.09,85,86,17.96,ES
129,Broome,US,2022-09-14 12:28:39,42.2506,-75.833,57.42,88,100,5.75,US
130,La Paz,BO,2022-09-14 12:28:39,-16.5,-68.15,44.58,81,75,2.3,BO
131,Luanda,AO,2022-09-14 12:28:40,-8.8368,13.2343,76.28,74,60,12.5,AO
132,Kemi,FI,2022-09-14 12:28:40,65.8596,24.8228,53.37,94,100,5.75,FI
133,Ende,ID,2022-09-14 12:28:41,-8.8432,121.6623,77.76,87,54,4.23,ID
134,Eureka,US,2022-09-14 12:28:41,40.8021,-124.1637,53.92,93,93,4.07,US
135,Hithadhoo,MV,2022-09-14 12:28:42,-0.6,73.0833,82.33,70,16,5.88,MV
136,Half Moon Bay,US,2022-09-14 12:29:45,37.4636,-122.4286,62.92,91,100,18.41,US
137,Kodiak,US,2022-09-14 12:29:45,57.79,-152.4072,45.91,93,75,4.61,US
138,Muscat,OM,2022-09-14 12:29:46,23.6139,58.5922,91.42,52,5,5.19,OM
139,Kilifi,KE,2022-09-14 12:29:46,-3.6305,39.8499,80.1,67,55,16.62,KE
140,Lamesa,US,2022-09-14 12:27:35,32.7376,-101.951,66.52,74,49,7.81,US
141,Vardo,NO,2022-09-14 12:29:46,70.3705,31.1107,44.58,70,100,5.75,NO
142,Diepholz,DE,2022-09-14 12:29:47,52.6,8.3667,66.72,69,100,3.76,DE
143,Bulgan,MN,2022-09-14 12:29:47,48.8125,103.5347,51.42,61,95,7.02,MN
144,Naze,JP,2022-09-14 12:29:47,28.3667,129.4833,81.52,84,25,18.19,JP
145,Zyryanka,RU,2022-09-14 12:28:52,65.75,150.85,38.86,67,66,9.55,RU
146,Beyneu,KZ,2022-09-14 12:29:48,45.3167,55.2,81.23,15,5,24.56,KZ
147,Upernavik,GL,2022-09-14 12:29:48,72.7868,-56.1549,42.28,72,100,9.35,GL
148,Pevek,RU,2022-09-14 12:29:49,69.7008,170.3133,33.87,99,100,8.86,RU
149,Emporia,US,2022-09-14 12:29:49,38.4039,-96.1817,62.8,67,20,10.36,US
150,Lakeside,US,2022-09-14 12:29:49,30.13,-81.7682,75.97,86,75,6.91,US
151,Ancud,CL,2022-09-14 12:29:50,-41.8697,-73.8203,52.23,81,100,22.37,CL
152,Castro,BR,2022-09-14 12:29:50,-24.7911,-50.0119,61.18,90,100,4.54,BR
153,San Quintin,MX,2022-09-14 12:29:51,30.4833,-115.95,68.74,91,65,10.42,MX
154,Palmer,US,2022-09-14 12:26:15,42.1584,-72.3287,63.09,83,20,9.22,US
155,Kaitangata,NZ,2022-09-14 12:29:52,-46.2817,169.8464,39.43,91,15,7.81,NZ
156,De Aar,ZA,2022-09-14 12:29:52,-30.6497,24.0123,79.68,19,0,20.0,ZA
157,Severo-Kurilsk,RU,2022-09-14 12:29:53,50.6789,156.125,50.14,88,34,12.66,RU
158,Padang,ID,2022-09-14 12:29:53,-0.9492,100.3543,78.85,78,100,1.52,ID
159,Pennagaram,IN,2022-09-14 12:29:54,12.1333,77.9,80.6,70,79,3.49,IN
160,Cuitzeo,MX,2022-09-14 12:29:54,20.3333,-102.7833,62.51,88,100,3.2,MX
161,Gamba,GA,2022-09-14 12:29:55,-2.65,10.0,79.86,68,93,9.6,GA
162,Alofi,NU,2022-09-14 12:29:55,-19.0595,-169.9187,71.49,94,73,2.3,NU
163,Port-Gentil,GA,2022-09-14 12:29:55,-0.7193,8.7815,84.16,65,75,14.97,GA
164,Suluova,TR,2022-09-14 12:29:56,40.8313,35.6479,75.06,33,40,6.91,TR
165,Souillac,MU,2022-09-14 12:29:56,-20.5167,57.5167,75.58,69,40,9.22,MU
166,Shamary,RU,2022-09-14 12:29:57,57.3434,58.2199,61.97,45,100,5.37,RU
167,Oranjemund,NA,2022-09-14 12:29:57,-28.55,16.4333,74.89,37,0,15.55,NA
168,Klaksvik,FO,2022-09-14 12:29:58,62.2266,-6.589,50.92,85,71,21.56,FO
169,Charters Towers,AU,2022-09-14 12:29:58,-20.1,146.2667,64.63,70,3,11.63,AU
170,Provideniya,RU,2022-09-14 12:29:59,64.3833,-173.3,46.02,95,100,2.8,RU
171,Nuevo Imperial,PE,2022-09-14 12:29:59,-13.0754,-76.3172,58.68,84,36,2.55,PE
172,Jinchang,CN,2022-09-14 12:30:00,38.4953,102.1739,76.57,33,48,7.54,CN
173,Kloulklubed,PW,2022-09-14 12:30:01,7.0419,134.2556,82.9,69,100,10.65,PW
174,Lagoa,PT,2022-09-14 12:30:01,39.05,-27.9833,73.62,90,5,13.27,PT
175,Margate,GB,2022-09-14 12:30:02,51.3813,1.3862,65.7,80,100,3.0,GB
176,Fare,PF,2022-09-14 12:30:03,-16.7,-151.0167,77.77,71,90,21.45,PF
177,Fairview,US,2022-09-14 12:27:24,40.8126,-73.999,67.21,73,0,10.36,US
178,Cidreira,BR,2022-09-14 12:30:04,-30.1811,-50.2056,63.32,75,6,9.4,BR
179,Shache,CN,2022-09-14 12:30:04,38.4167,77.2406,80.65,19,21,6.02,CN
180,Roseburg,US,2022-09-14 12:30:05,43.2165,-123.3417,57.31,72,100,0.0,US
181,Asau,RO,2022-09-14 12:31:06,46.4333,26.4,74.32,42,42,10.4,RO
182,Khandbari,NP,2022-09-14 12:31:07,27.3747,87.2039,72.23,90,72,0.49,NP
183,Ixtapa,MX,2022-09-14 12:31:08,20.7,-105.2,78.22,94,100,3.44,MX
184,Turan,VN,2022-09-14 12:30:43,16.0678,108.2208,78.78,89,40,1.14,VN
185,Aljezur,PT,2022-09-14 12:31:08,37.3191,-8.8033,73.99,74,25,11.63,PT
186,Srednekolymsk,RU,2022-09-14 12:31:09,67.45,153.6833,36.99,70,13,7.54,RU
187,Coro,VE,2022-09-14 12:30:39,11.4045,-69.6734,83.32,69,100,11.72,VE
188,Albert,FR,2022-09-14 12:31:10,50.0009,2.651,66.72,94,75,4.61,FR
189,Mangan,IN,2022-09-14 12:31:10,27.5167,88.5333,75.47,96,89,0.47,IN
190,Yumen,CN,2022-09-14 12:31:11,40.2833,97.2,75.49,27,100,7.52,CN
191,Monrovia,LR,2022-09-14 12:31:11,6.3005,-10.7969,73.17,82,100,14.12,LR
192,Darhan,MN,2022-09-14 12:31:12,49.4867,105.9228,51.82,67,92,7.63,MN
193,Tubinskiy,RU,2022-09-14 12:31:12,52.8892,58.2225,59.56,47,100,8.48,RU
194,Saint-Denis,FR,2022-09-14 12:31:13,48.9167,2.3333,81.09,61,75,12.66,FR
195,Luderitz,NA,2022-09-14 12:31:13,-26.6481,15.1594,65.84,62,5,13.09,NA
196,Kuala Terengganu,MY,2022-09-14 12:31:14,5.3302,103.1408,82.35,89,20,5.01,MY
197,San Patricio,US,2022-09-14 12:31:14,28.017,-97.5169,82.83,81,1,4.0,US
198,Vao,NC,2022-09-14 12:31:15,-22.6667,167.4833,69.33,75,0,11.95,NC
199,Tuatapere,NZ,2022-09-14 12:31:15,-46.1333,167.6833,37.96,91,14,4.9,NZ
200,Chapais,CA,2022-09-14 12:31:16,49.7834,-74.8492,49.78,87,100,13.4,CA
201,Longyearbyen,SJ,2022-09-14 12:31:16,78.2186,15.6401,35.44,80,75,3.44,SJ
202,Rionero In Vulture,IT,2022-09-14 12:31:17,40.9257,15.67,72.34,21,74,8.32,IT
203,Bonthe,SL,2022-09-14 12:31:18,7.5264,-12.505,78.62,85,100,12.55,SL
204,Moussoro,TD,2022-09-14 12:31:18,13.6408,16.4901,93.99,40,100,3.0,TD
205,Kaz,RU,2022-09-14 12:31:19,52.9113,87.3105,46.2,83,100,4.0,RU
206,Vila Velha,BR,2022-09-14 12:31:19,-20.3297,-40.2925,82.35,67,0,9.22,BR
207,Kruisfontein,ZA,2022-09-14 12:31:20,-34.0033,24.7314,86.18,16,0,9.26,ZA
208,Constantine,DZ,2022-09-14 12:30:17,36.365,6.6147,100.74,14,89,12.24,DZ
209,Ribeira Grande,PT,2022-09-14 12:27:24,38.5167,-28.7,77.4,83,40,6.91,PT
210,Mahebourg,MU,2022-09-14 12:31:21,-20.4081,57.7,77.25,69,40,9.22,MU
211,Katsuura,JP,2022-09-14 12:31:22,35.1333,140.3,74.95,76,100,18.5,JP
212,Bethel,US,2022-09-14 12:31:22,41.3712,-73.414,64.49,86,0,5.75,US
213,Otofuke,JP,2022-09-14 12:31:22,42.9917,143.2003,48.51,85,99,1.77,JP
214,Sao Filipe,CV,2022-09-14 12:31:23,14.8961,-24.4956,80.85,79,40,5.64,CV
215,Samarai,PG,2022-09-14 12:31:23,-10.6167,150.6667,79.93,83,34,14.23,PG
216,Den Helder,NL,2022-09-14 12:31:24,52.9599,4.7593,68.97,65,100,5.99,NL
217,Chippewa Falls,US,2022-09-14 12:31:06,44.9369,-91.3929,54.97,95,0,4.61,US
218,Mehamn,NO,2022-09-14 12:31:25,71.0357,27.8492,44.55,65,100,6.91,NO
219,Kedrovyy,RU,2022-09-14 12:31:25,56.1667,91.8167,50.41,88,78,1.83,RU
220,Champerico,GT,2022-09-14 12:31:25,14.3,-91.9167,73.94,84,98,10.02,GT
221,Nettuno,IT,2022-09-14 12:31:26,41.4826,12.679,89.35,53,98,12.5,IT
222,Saint-Francois,FR,2022-09-14 12:31:27,46.4154,3.9054,81.68,54,75,6.91,FR
223,Muisne,EC,2022-09-14 12:31:27,0.6,-80.0333,73.29,83,100,8.23,EC
224,Tessalit,ML,2022-09-14 12:31:27,20.1986,1.0114,103.62,16,9,11.43,ML
225,Khasan,RU,2022-09-14 12:31:28,42.4308,130.6434,62.74,80,100,1.52,RU
226,Narsaq,GL,2022-09-14 12:31:29,60.9167,-46.05,44.82,47,100,1.21,GL
227,Saint-Pierre,RE,2022-09-14 12:31:29,-21.3393,55.4781,76.68,65,0,20.71,RE
228,Rio Gallegos,AR,2022-09-14 12:27:00,-51.6226,-69.2181,26.65,86,0,1.14,AR
229,Traverse City,US,2022-09-14 12:30:04,44.7631,-85.6206,62.67,87,75,6.91,US
230,Harindanga,IN,2022-09-14 12:32:31,22.0383,88.3214,77.56,91,100,6.04,IN
231,Pontes E Lacerda,BR,2022-09-14 12:32:31,-15.2261,-59.3353,89.76,38,0,4.65,BR
232,Prainha,BR,2022-09-14 12:32:32,-1.8,-53.48,87.35,54,4,5.64,BR
233,Sorland,NO,2022-09-14 12:32:32,67.667,12.6934,51.66,81,100,23.04,NO
234,Novodugino,RU,2022-09-14 12:32:33,55.6305,34.2842,50.25,88,100,4.85,RU
235,Awjilah,LY,2022-09-14 12:32:33,29.1081,21.2869,90.86,20,0,10.89,LY
236,Acapulco,MX,2022-09-14 12:32:34,16.8634,-99.8901,75.02,94,100,3.44,MX
237,Iwanai,JP,2022-09-14 12:32:34,42.9744,140.5089,54.61,86,100,5.46,JP
238,Natal,BR,2022-09-14 12:32:34,-5.795,-35.2094,82.62,78,40,12.66,BR
239,Kulhudhuffushi,MV,2022-09-14 12:32:35,6.6221,73.07,81.79,73,54,6.62,MV
240,Victoria,HK,2022-09-14 12:27:47,22.2855,114.1577,93.18,53,13,10.0,HK
241,Tecpan,GT,2022-09-14 12:32:36,14.7623,-90.9947,54.9,97,99,3.0,GT
242,Salalah,OM,2022-09-14 12:32:36,17.0151,54.0924,82.49,89,100,11.5,OM
243,Aktau,KZ,2022-09-14 12:32:37,43.65,51.2,79.38,41,0,6.58,KZ
244,Russell,US,2022-09-14 12:32:37,32.3502,-85.1999,65.01,100,100,0.0,US
245,Nuuk,GL,2022-09-14 12:32:38,64.1835,-51.7216,52.41,66,75,14.97,GL
246,Kavieng,PG,2022-09-14 12:32:38,-2.5744,150.7967,81.61,75,76,16.17,PG
247,Tateyama,JP,2022-09-14 12:32:38,34.9833,139.8667,76.1,75,57,16.6,JP
248,Kushima,JP,2022-09-14 12:29:49,31.4583,131.2333,78.75,93,43,9.51,JP
249,Gladstone,AU,2022-09-14 12:32:39,-23.85,151.25,66.13,72,100,6.91,AU
250,Pisco,PE,2022-09-14 12:32:39,-13.7,-76.2167,59.05,77,100,9.22,PE
251,Moindou,NC,2022-09-14 12:32:40,-21.6924,165.677,69.69,84,65,6.67,NC
252,Arlit,NE,2022-09-14 12:32:40,18.7369,7.3853,105.4,8,6,8.41,NE
253,Cloquet,US,2022-09-14 12:32:41,46.7216,-92.4594,58.62,90,100,6.91,US
254,Akyab,MM,2022-09-14 12:32:41,20.15,92.9,79.68,84,98,11.65,MM
255,Yulara,AU,2022-09-14 12:32:42,-25.2406,130.9889,69.4,34,0,8.77,AU
256,Pasni,PK,2022-09-14 12:32:42,25.2631,63.471,81.54,85,0,20.51,PK
257,Noumea,NC,2022-09-14 12:30:27,-22.2763,166.4572,73.99,99,87,4.74,NC
258,Slave Lake,CA,2022-09-14 12:32:43,55.2834,-114.769,44.58,93,0,4.61,CA
259,Indramayu,ID,2022-09-14 12:32:43,-6.3264,108.32,81.79,72,7,6.49,ID
260,Mayo,US,2022-09-14 12:32:44,38.8876,-76.5119,67.17,83,0,4.61,US
261,Dingle,PH,2022-09-14 12:32:44,10.9995,122.6711,77.45,87,61,5.66,PH
262,Ambo,PE,2022-09-14 12:32:45,-10.1308,-76.2047,63.91,76,76,4.18,PE
263,Airai,TL,2022-09-14 12:32:45,-8.9266,125.4092,59.38,77,98,3.2,TL
264,Syamzha,RU,2022-09-14 12:32:46,60.0158,41.0614,48.09,92,100,9.24,RU
265,Lasem,ID,2022-09-14 12:31:18,-6.6922,111.4527,81.41,74,43,3.89,ID
266,Saint George,US,2022-09-14 12:32:46,37.1041,-113.5841,63.19,92,20,5.75,US
267,Jiuquan,CN,2022-09-14 12:32:47,39.7432,98.5174,75.31,30,99,4.16,CN
268,Poum,NC,2022-09-14 12:32:47,-20.2333,164.0167,73.89,75,78,14.29,NC
269,Port Macquarie,AU,2022-09-14 12:32:15,-31.4333,152.9167,54.9,80,96,6.78,AU
270,Burns Lake,CA,2022-09-14 12:30:08,54.2331,-125.7533,27.82,76,7,0.16,CA
271,Xapuri,BR,2022-09-14 12:32:48,-10.6517,-68.5044,77.61,76,91,2.59,BR
272,Kosa,RU,2022-09-14 12:32:48,59.9445,54.9977,56.1,56,94,5.17,RU
273,Skjervoy,NO,2022-09-14 12:32:49,70.0311,20.9714,44.6,76,100,16.62,NO
274,Mount Pleasant,US,2022-09-14 12:28:22,32.7941,-79.8626,73.38,83,40,5.75,US
275,Cabo San Lucas,MX,2022-09-14 12:32:50,22.8909,-109.9124,81.52,77,0,9.22,MX
276,Leh,IN,2022-09-14 12:32:50,34.1667,77.5833,61.23,35,78,6.13,IN
277,Debno,PL,2022-09-14 12:33:51,52.739,14.698,68.79,51,100,8.99,PL
278,Oum Hadjer,TD,2022-09-14 12:33:52,13.2954,19.6966,92.52,44,67,2.01,TD
279,Zhigansk,RU,2022-09-14 12:33:52,66.7697,123.3711,36.34,71,83,8.93,RU
280,Oshakati,NA,2022-09-14 12:33:53,-17.7833,15.6833,93.9,8,0,7.09,NA
281,Isangel,VU,2022-09-14 12:33:53,-19.55,169.2667,71.71,94,40,0.0,VU
282,Wajima,JP,2022-09-14 12:33:54,37.4,136.9,71.69,72,100,14.34,JP
283,Cockburn Town,TC,2022-09-14 12:33:54,21.4612,-71.1419,84.22,73,100,17.47,TC
284,Pacific Grove,US,2022-09-14 12:33:55,36.6177,-121.9166,59.43,87,75,3.44,US
285,Solwezi,ZM,2022-09-14 12:33:56,-12.1688,26.3894,84.65,19,100,7.74,ZM
286,Narasannapeta,IN,2022-09-14 12:33:56,18.4167,84.05,82.02,84,100,12.53,IN
287,Amazar,RU,2022-09-14 12:33:57,53.858,120.875,49.82,70,100,3.02,RU
288,Broken Hill,AU,2022-09-14 12:33:57,-31.95,141.4333,64.0,54,100,13.71,AU
289,Pathein,MM,2022-09-14 12:33:58,16.7833,94.7333,76.98,90,100,7.85,MM
290,Bubaque,GW,2022-09-14 12:33:58,11.2833,-15.8333,77.77,83,100,18.03,GW
291,Bairiki,KI,2022-09-14 12:33:59,1.3292,172.9752,80.6,78,75,6.91,KI
292,Ostrovnoy,RU,2022-09-14 12:34:00,68.0531,39.5131,53.28,82,100,11.36,RU
293,Praia,CV,2022-09-14 12:32:53,14.9215,-23.5087,82.94,83,20,11.5,CV
294,Varhaug,NO,2022-09-14 12:31:16,58.6147,5.6457,59.14,72,75,16.69,NO
295,Belmonte,BR,2022-09-14 12:34:01,-15.8631,-38.8828,78.46,54,0,9.42,BR
296,Gore,NZ,2022-09-14 12:34:02,-46.1028,168.9436,34.12,97,19,3.49,NZ
297,Xai-Xai,MZ,2022-09-14 12:34:02,-25.0519,33.6442,73.49,53,4,10.54,MZ
298,Hovd,MN,2022-09-14 12:34:03,48.0056,91.6419,56.28,35,67,1.48,MN
299,Bozeman,US,2022-09-14 12:33:00,45.6796,-111.0386,55.18,94,100,3.44,US
300,Hun,LY,2022-09-14 12:34:03,29.1268,15.9477,91.94,25,0,5.3,LY
301,Coquimbo,CL,2022-09-14 12:34:04,-29.9533,-71.3436,51.53,76,0,4.61,CL
302,Ambanja,MG,2022-09-14 12:34:04,-13.6833,48.45,84.13,55,92,5.48,MG
303,Klyuchi,RU,2022-09-14 12:34:05,52.2667,79.1667,51.96,37,34,7.31,RU
304,Jiangyou,CN,2022-09-14 12:34:05,31.7667,104.7167,66.51,96,100,3.18,CN
305,Corinto,GR,2022-09-14 12:34:06,37.9407,22.9573,81.9,21,0,3.85,GR
306,Vanavara,RU,2022-09-14 12:34:06,60.34,102.2797,39.79,83,37,4.56,RU
307,Lufilufi,WS,2022-09-14 12:34:07,-13.8745,-171.5986,76.78,81,39,21.18,WS
308,Bonavista,CA,2022-09-14 12:34:07,48.6499,-53.1147,56.53,84,100,14.61,CA
309,Port Hardy,CA,2022-09-14 12:30:40,50.6996,-127.4199,50.18,100,100,0.0,CA
310,Cap Malheureux,MU,2022-09-14 12:31:09,-19.9842,57.6142,77.47,58,70,7.0,MU
311,Srandakan,ID,2022-09-14 12:34:08,-7.9386,110.2506,77.4,86,30,8.68,ID
312,Warrington,GB,2022-09-14 12:34:09,53.3925,-2.5802,64.87,71,75,13.8,GB
313,Umtata,ZA,2022-09-14 12:34:09,-31.5889,28.7844,82.96,30,20,3.44,ZA
314,Oistins,BB,2022-09-14 12:34:10,13.0667,-59.5333,86.09,70,40,14.97,BB
315,Hazorasp,UZ,2022-09-14 12:34:10,41.3194,61.0742,84.04,10,0,14.18,UZ
316,Kieta,PG,2022-09-14 12:34:11,-6.2167,155.6333,78.03,84,7,3.53,PG
317,Yeniseysk,RU,2022-09-14 12:34:11,58.4497,92.1703,45.39,68,91,0.81,RU
318,Nokaneng,BW,2022-09-14 12:34:11,-19.6667,22.2667,91.67,13,0,11.1,BW
319,Dubbo,AU,2022-09-14 12:34:12,-32.25,148.6167,57.33,58,100,9.22,AU
320,Chuy,UY,2022-09-14 12:34:13,-33.6971,-53.4616,58.44,77,21,11.59,UY
321,Shira,RU,2022-09-14 12:34:13,54.4911,89.9531,43.5,78,98,0.56,RU
322,Saldanha,ZA,2022-09-14 12:34:14,-33.0117,17.9442,86.05,62,0,13.58,ZA
323,Fort Morgan,US,2022-09-14 12:34:14,40.2503,-103.8,63.82,47,0,6.91,US
324,Ola,RU,2022-09-14 12:33:13,59.5833,151.2833,43.14,73,100,3.15,RU
325,Athabasca,CA,2022-09-14 12:30:40,54.7169,-113.2854,36.01,84,0,4.05,CA
326,Port Hedland,AU,2022-09-14 12:35:15,-20.3167,118.5667,73.45,64,0,11.5,AU
327,Sambava,MG,2022-09-14 12:35:16,-14.2667,50.1667,75.09,72,15,16.87,MG
328,Sokolka,PL,2022-09-14 12:35:16,53.4072,23.5023,63.68,58,80,12.26,PL
329,Truth Or Consequences,US,2022-09-14 12:35:17,33.1284,-107.2528,61.03,88,75,5.75,US
330,Kobayashi,JP,2022-09-14 12:35:17,31.9833,130.9833,80.1,92,59,6.64,JP
331,Vypolzovo,RU,2022-09-14 12:35:18,57.8767,33.6986,50.52,94,100,5.59,RU
332,Nizwa,OM,2022-09-14 12:35:18,22.9333,57.5333,99.97,21,85,12.24,OM
333,Yerbogachen,RU,2022-09-14 12:35:18,61.2767,108.0108,40.77,75,55,7.14,RU
334,Huangchuan,CN,2022-09-14 12:35:19,32.1272,115.0394,76.93,62,84,8.48,CN
335,Praia Da Vitoria,PT,2022-09-14 12:35:19,38.7333,-27.0667,79.05,83,40,4.18,PT
336,Buraydah,SA,2022-09-14 12:35:20,26.326,43.975,108.05,7,6,7.58,SA
337,Hervey Bay,AU,2022-09-14 12:35:20,-25.2986,152.8535,61.02,80,44,11.01,AU
338,Novobureyskiy,RU,2022-09-14 12:35:21,49.798,129.8774,55.08,83,75,4.32,RU
339,Sao Joao Da Barra,BR,2022-09-14 12:31:20,-21.6403,-41.0511,78.89,59,6,8.95,BR
340,Moa,CU,2022-09-14 12:35:22,20.6569,-74.9403,82.33,71,23,2.66,CU
341,Kharp,RU,2022-09-14 12:33:12,66.8014,65.8081,48.31,78,94,7.9,RU
342,Rabat,MA,2022-09-14 12:35:23,33.9911,-6.8401,75.27,78,10,9.22,MA
343,Omboue,GA,2022-09-14 12:35:23,-1.5746,9.2618,82.27,65,54,11.52,GA
344,Atar,MR,2022-09-14 12:35:24,20.5169,-13.0499,102.25,19,48,16.11,MR
345,Cam Ranh,VN,2022-09-14 12:35:25,11.9214,109.1591,80.56,78,20,5.75,VN
346,Olinda,BR,2022-09-14 12:35:25,-8.0089,-34.8553,82.13,69,75,9.22,BR
347,Taltal,CL,2022-09-14 12:32:14,-25.4,-70.4833,63.21,42,0,4.41,CL
348,Bambous Virieux,MU,2022-09-14 12:35:26,-20.3428,57.7575,77.22,69,40,9.22,MU
349,San Cristobal,VE,2022-09-14 12:35:26,7.7669,-72.225,68.18,70,55,3.13,VE
350,Ust-Ilimsk,RU,2022-09-14 12:35:26,58.0006,102.6619,39.92,73,65,1.9,RU
351,Ewa Beach,US,2022-09-14 12:35:27,21.3156,-158.0072,78.75,74,0,6.91,US
352,Wanning,CN,2022-09-14 12:35:27,18.8003,110.3967,80.49,84,37,5.26,CN
353,Kununurra,AU,2022-09-14 12:35:28,-15.7667,128.7333,82.38,51,0,3.44,AU
354,Salamiyah,SY,2022-09-14 12:35:28,35.0113,37.0532,85.37,31,0,19.46,SY
355,Udachnyy,RU,2022-09-14 12:35:29,66.4167,112.4,36.77,83,100,17.63,RU
356,Manokwari,ID,2022-09-14 12:35:30,-0.8667,134.0833,79.36,71,62,2.95,ID
357,Gizo,SB,2022-09-14 12:33:49,-8.103,156.8419,81.16,78,6,8.14,SB
358,Teya,RU,2022-09-14 12:35:30,60.3778,92.6267,41.41,91,99,2.91,RU
359,Zuya,UA,2022-09-14 12:35:31,45.0531,34.3154,67.12,45,53,15.79,UA
360,Najran,SA,2022-09-14 12:35:31,17.4924,44.1277,99.25,8,7,15.64,SA
361,Riyadh,SA,2022-09-14 12:32:16,24.6877,46.7219,109.54,6,1,5.61,SA
362,Eyl,SO,2022-09-14 12:35:32,7.9803,49.8164,85.03,60,51,27.25,SO
363,Qiryat Shemona,IL,2022-09-14 12:35:33,33.2073,35.5721,89.44,47,0,14.27,IL
364,Palu,ID,2022-09-14 12:35:33,-0.8917,119.8707,75.56,97,100,1.54,ID
365,Henties Bay,NA,2022-09-14 12:35:34,-22.116,14.2845,62.96,77,26,12.62,NA
366,Nanakuli,US,2022-09-14 12:35:34,21.3906,-158.1547,78.75,75,0,5.75,US
367,Sal Rei,CV,2022-09-14 12:36:35,16.1833,-22.9167,88.0,66,75,11.5,CV
368,Sitka,US,2022-09-14 12:36:36,57.0531,-135.33,57.09,72,100,6.91,US
369,Lompoc,US,2022-09-14 12:36:36,34.6391,-120.4579,61.02,93,100,6.91,US
370,Shunyi,CN,2022-09-14 12:36:36,40.125,116.6453,76.95,65,0,6.71,CN
371,Tolbazy,RU,2022-09-14 12:33:07,54.0241,55.8825,64.38,42,100,11.41,RU
372,Nanortalik,GL,2022-09-14 12:36:37,60.1432,-45.2371,45.97,75,58,2.48,GL
373,Charlestown,AU,2022-09-14 12:36:37,-32.95,151.6667,57.72,83,100,7.47,AU
374,Seoul,KR,2022-09-14 12:33:12,37.5683,126.9778,76.44,55,0,9.22,KR
375,Pala,TD,2022-09-14 12:36:38,9.3642,14.9046,82.6,63,99,4.81,TD
376,Chabahar,IR,2022-09-14 12:36:39,25.2919,60.643,84.06,76,2,11.36,IR
377,Charagua,BO,2022-09-14 12:36:39,-19.8,-63.2167,60.37,32,85,10.18,BO
378,Skeldon,GY,2022-09-14 12:36:40,5.8833,-57.1333,82.98,76,1,4.83,GY
379,Grindavik,IS,2022-09-14 12:36:40,63.8424,-22.4338,46.87,76,0,11.5,IS
380,Ler,SS,2022-09-14 12:36:41,8.3018,30.1418,87.22,56,100,3.49,SS
381,Longyan,CN,2022-09-14 12:36:41,25.1072,117.0225,71.8,82,0,3.71,CN
382,Tongliao,CN,2022-09-14 12:36:42,43.6125,122.2653,62.42,52,100,5.1,CN
383,Dharchula,IN,2022-09-14 12:36:42,29.85,80.5333,71.15,97,100,1.54,IN
384,Morondava,MG,2022-09-14 12:36:43,-20.2833,44.2833,80.15,62,97,16.13,MG
385,Kitimat,CA,2022-09-14 12:36:43,54.0524,-128.6534,48.58,87,42,1.41,CA
386,Dwarka,IN,2022-09-14 12:36:43,22.2394,68.9678,82.53,88,100,17.45,IN
387,Tourlaville,FR,2022-09-14 12:36:44,49.6383,-1.5664,63.82,100,100,6.91,FR
388,Progreso,MX,2022-09-14 12:36:44,21.2833,-89.6667,75.31,91,100,7.18,MX
389,Araouane,ML,2022-09-14 12:36:45,18.9048,-3.5265,103.78,20,16,12.91,ML
390,Esperance,AU,2022-09-14 12:36:45,-33.8667,121.9,53.44,82,42,33.73,AU
391,Guerrero Negro,MX,2022-09-14 12:36:46,27.9769,-114.0611,71.29,82,0,4.99,MX
392,Kundiawa,PG,2022-09-14 12:36:46,-6.0167,144.9667,59.94,92,56,1.97,PG
393,Taoudenni,ML,2022-09-14 12:36:46,22.6783,-3.9836,110.84,4,0,10.4,ML
394,Zeya,RU,2022-09-14 12:36:47,53.75,127.2667,48.97,64,100,3.83,RU
395,Hambantota,LK,2022-09-14 12:36:47,6.1241,81.1185,82.74,89,20,13.8,LK
396,Lata,PT,2022-09-14 12:36:48,40.1629,-8.3327,72.91,81,94,6.62,PT
397,Olenino,RU,2022-09-14 12:36:48,56.2092,33.4889,49.62,95,100,4.97,RU
398,Filingue,NE,2022-09-14 12:36:49,14.3521,3.3168,96.33,38,1,2.8,NE
399,Aksu,CN,2022-09-14 12:36:49,41.1231,80.2644,79.34,23,0,3.65,CN
400,Teahupoo,PF,2022-09-14 12:36:50,-17.8333,-149.2667,66.16,75,100,19.91,PF
401,Vila Do Maio,CV,2022-09-14 12:36:51,15.1333,-23.2167,83.19,80,89,9.55,CV
402,Kathmandu,NP,2022-09-14 12:32:08,27.7167,85.3167,73.62,78,75,5.75,NP
403,Yatou,CN,2022-09-14 12:36:51,37.15,122.3833,71.49,91,100,12.44,CN
404,Hofn,IS,2022-09-14 12:36:52,64.2539,-15.2082,51.82,54,0,16.11,IS
405,Paita,PE,2022-09-14 12:36:52,-5.0892,-81.1144,62.91,80,69,14.36,PE
406,Gasa,PS,2022-09-14 12:35:01,31.5,34.4667,85.87,52,0,13.44,PS
407,Asmar,AF,2022-09-14 12:36:53,35.0333,71.3581,81.73,60,24,3.47,AF
408,Poronaysk,RU,2022-09-14 12:36:53,49.2167,143.1167,49.53,59,100,5.01,RU
409,Derbent,RU,2022-09-14 12:36:54,42.0678,48.2899,68.85,81,100,19.04,RU
410,Kang,BW,2022-09-14 12:36:54,-23.6752,22.7876,83.77,21,0,13.0,BW
411,Hobyo,SO,2022-09-14 12:36:55,5.3505,48.5268,80.67,72,8,29.01,SO
412,Kabinda,CD,2022-09-14 12:36:55,-6.1333,24.4833,74.98,74,100,4.94,CD
413,Waingapu,ID,2022-09-14 12:36:56,-9.6567,120.2641,78.91,78,100,11.61,ID
414,Sinazongwe,ZM,2022-09-14 12:37:57,-17.2614,27.4618,82.6,35,29,8.12,ZM
415,China,MX,2022-09-14 12:37:57,25.7,-99.2333,76.77,82,0,3.74,MX
416,Camacha,PT,2022-09-14 12:37:58,33.0833,-16.3333,72.82,64,20,11.5,PT
417,Juegang,CN,2022-09-14 12:37:58,32.3174,121.1855,77.92,90,100,18.77,CN
418,Sola,VU,2022-09-14 12:37:59,-13.8833,167.55,77.67,83,21,2.3,VU
419,Wonthaggi,AU,2022-09-14 12:37:59,-38.6044,145.5913,56.82,66,100,6.76,AU
420,Dunmore East,IE,2022-09-14 12:38:00,52.1514,-6.9861,61.68,74,75,10.36,IE
421,Zhangjiakou,CN,2022-09-14 12:38:00,40.81,114.8794,66.06,58,0,4.34,CN
422,Itarema,BR,2022-09-14 12:38:00,-2.9248,-39.9167,86.31,59,50,14.03,BR
423,Sairang,IN,2022-09-14 12:38:01,23.8,92.6667,75.25,98,98,1.5,IN
424,Camacupa,AO,2022-09-14 12:38:02,-12.0167,17.4833,91.31,12,17,5.93,AO
425,Honningsvag,NO,2022-09-14 12:38:02,70.9821,25.9704,44.35,61,40,8.05,NO
426,La Sarre,CA,2022-09-14 12:38:03,48.8002,-79.1996,44.2,71,100,13.18,CA
427,San Andres,CO,2022-09-14 12:35:13,12.5847,-81.7006,82.42,83,75,5.75,CO
428,San Policarpo,PH,2022-09-14 12:38:04,12.1791,125.5072,79.84,83,100,6.49,PH
429,San Giustino,IT,2022-09-14 12:38:04,43.5495,12.1736,80.08,45,100,9.57,IT
430,Kangaatsiaq,GL,2022-09-14 12:38:05,68.3065,-53.4641,41.45,96,98,10.38,GL
431,Yuryevets,RU,2022-09-14 12:38:05,57.3201,43.1041,51.35,94,100,14.74,RU
432,Dicabisagan,PH,2022-09-14 12:38:06,17.0818,122.4157,80.47,82,66,2.3,PH
433,Hasaki,JP,2022-09-14 12:38:07,35.7333,140.8333,73.8,74,100,17.67,JP
434,Sandwick,GB,2022-09-14 12:38:07,60.0,-1.25,55.22,76,40,14.97,GB
435,Sholokhove,UA,2022-09-14 12:38:08,47.6945,34.0312,69.4,40,75,17.96,UA
436,Warrnambool,AU,2022-09-14 12:38:08,-38.3833,142.4833,53.69,90,100,21.34,AU
437,Luau,AO,2022-09-14 12:38:09,-10.7073,22.2247,93.49,15,100,5.86,AO
438,Soyo,AO,2022-09-14 12:38:09,-6.1349,12.3689,77.83,71,64,10.16,AO
439,Newport,GB,2022-09-14 12:36:45,51.5877,-2.9984,73.78,63,35,7.47,GB
440,Puerto Quijarro,BO,2022-09-14 12:38:10,-17.7833,-57.7667,80.53,42,7,8.77,BO
441,Nelson Bay,AU,2022-09-14 12:38:10,-32.7167,152.15,57.99,86,100,5.01,AU
442,Pedernales,DO,2022-09-14 12:38:11,18.0384,-71.744,83.23,62,92,1.43,DO
443,Luwuk,ID,2022-09-14 12:38:11,-0.9516,122.7875,74.75,89,100,6.46,ID
444,Nivala,FI,2022-09-14 12:38:11,63.9167,24.9667,57.69,72,100,12.28,FI
445,Copiapo,CL,2022-09-14 12:33:30,-27.3667,-70.3333,46.09,21,0,0.89,CL
446,Xuddur,SO,2022-09-14 12:38:12,4.1213,43.8894,89.78,31,100,19.39,SO
447,Lodja,CD,2022-09-14 12:38:13,-3.4833,23.4333,80.19,79,100,3.09,CD
448,Semarang,ID,2022-09-14 12:38:13,-6.9932,110.4203,84.13,70,20,4.61,ID
449,Ayagoz,KZ,2022-09-14 12:38:14,47.9714,80.4392,49.42,47,94,22.17,KZ
450,Kirakira,SB,2022-09-14 12:38:14,-10.4544,161.9205,79.72,83,34,9.53,SB
451,Ozernovskiy,RU,2022-09-14 12:38:15,51.5,156.5167,47.59,74,1,4.76,RU
452,Bardiyah,LY,2022-09-14 12:38:15,31.7561,25.0865,81.68,48,2,12.48,LY
453,Sankt Georgen,HU,2022-09-14 12:38:16,47.1425,16.5815,80.15,46,100,3.74,HU
454,Dzhebariki-Khaya,RU,2022-09-14 12:38:17,62.2167,135.8,40.15,98,100,8.12,RU
455,Pemba,MZ,2022-09-14 12:38:18,-12.974,40.5178,83.1,65,75,20.71,MZ
456,Benguela,AO,2022-09-14 12:38:18,-12.5763,13.4055,76.91,70,37,9.42,AO
457,Lovozero,RU,2022-09-14 12:38:18,68.005,35.0117,54.86,73,100,4.27,RU
458,Tilichiki,RU,2022-09-14 12:39:19,60.4667,166.1,40.03,85,97,7.74,RU
459,Methoni,GR,2022-09-14 12:39:20,36.8197,21.7049,82.26,65,25,7.94,GR
460,Nago,JP,2022-09-14 12:35:40,26.5881,127.9761,83.25,84,8,5.82,JP
461,Rameswaram,IN,2022-09-14 12:39:21,9.2833,79.3,81.09,82,98,23.02,IN
462,Crotone,IT,2022-09-14 12:39:21,39.0851,17.1178,89.19,39,0,10.36,IT
463,Maua,BR,2022-09-14 12:39:21,-23.6678,-46.4614,62.89,96,100,4.41,BR
464,Asosa,ET,2022-09-14 12:39:22,10.0667,34.5333,70.14,81,84,4.88,ET
465,Constitucion,CL,2022-09-14 12:39:22,-35.3333,-72.4167,53.96,74,24,2.21,CL
466,Dovers,VC,2022-09-14 12:39:23,12.8833,-61.1833,83.79,71,80,13.76,VC
467,Qaqortoq,GL,2022-09-14 12:39:23,60.7167,-46.0333,50.31,55,100,1.05,GL
468,Asyut,EG,2022-09-14 12:37:37,27.181,31.1837,95.18,19,0,14.5,EG
469,Oxapampa,PE,2022-09-14 12:39:23,-10.5775,-75.4017,63.54,86,88,0.87,PE
470,Belousovka,KZ,2022-09-14 12:39:24,50.1339,82.5239,54.45,44,75,6.71,KZ
471,Cosamaloapan,MX,2022-09-14 12:39:24,18.3667,-95.8,72.79,96,97,3.4,MX
472,Monzon,ES,2022-09-14 12:39:25,41.9108,0.1941,78.22,44,32,5.77,ES
473,Verkh-Usugli,RU,2022-09-14 12:39:25,52.7,115.1667,46.29,81,100,2.19,RU
474,Santo Domingo,DO,2022-09-14 12:39:25,18.5001,-69.9886,81.03,90,20,3.0,DO
475,Phangnga,TH,2022-09-14 12:39:26,8.4509,98.5298,80.64,90,8,3.94,TH
476,Marsaxlokk,MT,2022-09-14 12:39:26,35.8419,14.5431,86.07,61,20,8.05,MT
477,Metro,ID,2022-09-14 12:39:27,-5.1131,105.3067,76.21,84,75,4.92,ID
478,Duluth,US,2022-09-14 12:35:39,46.7833,-92.1066,60.3,80,100,18.41,US
479,Senekal,ZA,2022-09-14 12:39:27,-28.3197,27.6208,74.61,25,5,9.06,ZA
480,Havelock,US,2022-09-14 12:39:28,34.8791,-76.9013,73.94,85,100,1.01,US
481,Gainesville,US,2022-09-14 12:37:00,29.6516,-82.3248,75.04,93,100,6.91,US
482,Coihaique,CL,2022-09-14 12:39:28,-45.5752,-72.0662,43.41,100,100,8.05,CL
483,Lavrentiya,RU,2022-09-14 12:39:29,65.5833,-171.0,44.04,94,100,0.83,RU
484,Maniitsoq,GL,2022-09-14 12:39:29,65.4167,-52.9,41.77,93,100,15.86,GL
485,Camopi,GF,2022-09-14 12:39:30,3.1655,-52.3158,86.76,55,29,5.08,GF
486,Tara,RU,2022-09-14 12:39:30,56.8944,74.371,50.0,67,46,4.68,RU
487,Nantucket,US,2022-09-14 12:35:40,41.2835,-70.0995,66.97,54,88,19.33,US
488,Comodoro Rivadavia,AR,2022-09-14 12:39:31,-45.8667,-67.5,57.06,47,0,11.5,AR
489,Kailua,US,2022-09-14 12:35:09,21.4022,-157.7394,78.78,85,10,13.38,US
490,Tottori,JP,2022-09-14 12:39:32,35.5,134.2333,77.07,83,40,11.5,JP
491,Mutis,CO,2022-09-14 12:39:32,6.2262,-77.4044,78.96,81,99,1.3,CO
492,Parrita,CR,2022-09-14 12:39:33,9.5201,-84.3225,77.7,80,98,2.04,CR
493,Piombino,IT,2022-09-14 12:39:33,42.9348,10.5221,83.46,58,100,10.0,IT
494,Santiago Del Estero,AR,2022-09-14 12:39:34,-27.7951,-64.2615,65.68,30,4,4.29,AR
495,Mecca,SA,2022-09-14 12:38:11,21.4267,39.8261,102.92,25,13,22.73,SA
496,Vestmannaeyjar,IS,2022-09-14 12:39:35,63.4427,-20.2734,50.99,71,0,11.5,IS
497,Ko Samui,TH,2022-09-14 12:39:35,9.5357,99.9357,82.31,78,20,3.44,TH
498,Flinders,AU,2022-09-14 12:39:35,-34.5833,150.8552,57.38,76,100,3.0,AU
499,Podgornoye,RU,2022-09-14 12:39:36,51.735,39.1496,52.02,93,100,8.95,RU
500,Beyla,GN,2022-09-14 12:39:36,8.6833,-8.6333,78.49,79,100,5.57,GN
501,Mason City,US,2022-09-14 12:39:37,43.1536,-93.201,55.33,87,40,0.0,US
502,Balagunan,PH,2022-09-14 12:39:38,7.4922,125.5211,83.16,94,87,3.53,PH
503,Hamilton,US,2022-09-14 12:35:49,39.1834,-84.5333,63.07,95,0,0.0,US
504,Villa Maria,AR,2022-09-14 12:39:38,-32.4075,-63.2402,64.69,21,0,2.19,AR
505,Jumla,NP,2022-09-14 12:39:39,29.2747,82.1838,62.4,96,100,3.62,NP
506,San Pedro,PH,2022-09-14 12:40:40,14.35,121.0167,81.36,93,100,5.75,PH
507,Tokur,RU,2022-09-14 12:40:41,53.1333,132.9,39.99,94,20,2.51,RU
508,Lianran,CN,2022-09-14 12:40:41,24.9227,102.485,66.74,85,89,3.58,CN
509,Cabedelo,BR,2022-09-14 12:36:11,-6.9811,-34.8339,79.47,70,29,13.0,BR
510,Tautira,PF,2022-09-14 12:40:42,-17.7333,-149.15,76.8,73,100,19.39,PF
511,Mednogorsk,RU,2022-09-14 12:40:42,51.4128,57.595,66.96,29,71,13.87,RU
512,Syracuse,IT,2022-09-14 12:40:43,37.0881,15.2792,90.99,61,0,19.3,IT
513,Cabinda,AO,2022-09-14 12:40:43,-5.55,12.2,82.54,57,20,6.91,AO
514,Nipawin,CA,2022-09-14 12:40:44,53.3668,-104.0009,51.84,71,100,10.36,CA
515,Olafsvik,IS,2022-09-14 12:40:44,64.8945,-23.7142,45.93,71,100,3.53,IS
516,San Rafael,AR,2022-09-14 12:40:45,-34.6177,-68.3301,63.77,22,0,8.46,AR
517,Muli,MV,2022-09-14 12:40:45,2.9167,73.5667,81.55,70,64,2.13,MV
518,Kennett,US,2022-09-14 12:40:46,36.2362,-90.0556,62.98,95,0,1.99,US
519,Kichmengskiy Gorodok,RU,2022-09-14 12:40:46,59.9816,45.7854,51.35,76,100,5.84,RU
520,Joshimath,IN,2022-09-14 12:40:47,30.5667,79.5667,69.89,88,100,0.6,IN
521,Sesheke,ZM,2022-09-14 12:40:47,-17.4759,24.2968,90.59,12,0,10.54,ZM
522,Sloboda,RU,2022-09-14 12:40:48,51.1421,40.3021,59.65,66,58,13.22,RU
523,Quatre Cocos,MU,2022-09-14 12:40:48,-20.2078,57.7625,77.09,71,70,11.52,MU
524,Beloha,MG,2022-09-14 12:40:49,-25.1667,45.05,70.21,58,97,17.27,MG
525,Kutum,SD,2022-09-14 12:40:49,14.2,24.6667,89.73,26,33,12.62,SD
526,Petropavlovsk-Kamchatskiy,RU,2022-09-14 12:38:12,53.0452,158.6483,36.19,93,0,4.47,RU
527,Kalmar,SE,2022-09-14 12:40:05,56.6616,16.3616,64.96,59,20,14.97,SE
528,Batemans Bay,AU,2022-09-14 12:40:50,-35.7167,150.1833,55.09,92,100,5.19,AU
529,Matadi,CD,2022-09-14 12:40:51,-5.8167,13.45,94.93,35,99,6.53,CD
530,Talnakh,RU,2022-09-14 12:40:51,69.4865,88.3972,40.21,90,100,9.42,RU
531,Namatanai,PG,2022-09-14 12:40:52,-3.6667,152.4333,80.38,78,69,10.36,PG
532,Panjab,AF,2022-09-14 12:40:52,34.388,67.0233,68.85,11,5,9.28,AF
533,Los Llanos De Aridane,ES,2022-09-14 12:40:53,28.6585,-17.9182,73.15,91,75,3.44,ES
534,Baran,IN,2022-09-14 12:40:54,25.1,76.5167,77.77,91,100,3.27,IN
535,Gravdal,NO,2022-09-14 12:40:55,68.1214,13.5031,49.89,93,75,11.5,NO
536,Kupino,RU,2022-09-14 12:40:55,54.3663,77.2981,52.41,48,89,6.8,RU
537,Moshi,TZ,2022-09-14 12:40:55,-3.35,37.3333,78.8,48,98,5.61,TZ
538,Tyukalinsk,RU,2022-09-14 12:40:56,55.8732,72.1967,53.55,60,94,3.36,RU
539,Alvorada,BR,2022-09-14 12:40:56,-12.48,-49.1247,96.91,17,1,4.21,BR
540,Ilulissat,GL,2022-09-14 12:40:57,69.2167,-51.1,48.22,76,75,4.61,GL
541,Dauriya,RU,2022-09-14 12:40:57,49.9333,116.8667,58.93,39,100,10.78,RU
542,Catamarca,AR,2022-09-14 12:40:58,-28.4696,-65.7852,64.78,25,22,1.99,AR
543,Hoquiam,US,2022-09-14 12:40:58,46.9809,-123.8893,57.85,96,100,3.44,US
544,Garissa,KE,2022-09-14 12:40:58,-0.4536,39.6401,90.64,33,98,25.43,KE
545,Susehri,TR,2022-09-14 12:40:59,40.1644,38.0867,71.78,33,98,7.29,TR
546,Beidao,CN,2022-09-14 12:41:00,34.5686,105.8933,62.42,88,100,2.84,CN
547,Miri,MY,2022-09-14 12:41:00,4.4148,114.0089,82.54,78,40,5.75,MY
548,Namibe,AO,2022-09-14 12:41:01,-15.1961,12.1522,73.31,73,20,10.58,AO
549,Evensk,RU,2022-09-14 12:42:02,61.95,159.2333,40.68,63,8,6.46,RU
550,Casper,US,2022-09-14 12:41:08,42.8666,-106.3131,64.72,56,0,12.66,US
551,Leningradskiy,RU,2022-09-14 12:42:03,69.3833,178.4167,35.28,99,100,4.76,RU
552,Turkistan,KZ,2022-09-14 12:42:03,43.0,68.0,79.12,17,0,26.64,KZ
553,Loreto,MX,2022-09-14 12:42:04,22.2667,-101.9667,56.03,83,21,4.34,MX
554,Teguldet,RU,2022-09-14 12:42:04,57.3064,88.1667,44.74,67,93,1.99,RU
555,Hirson,FR,2022-09-14 12:42:05,49.9226,4.0826,76.41,76,95,7.54,FR
556,Sur,OM,2022-09-14 12:42:05,22.5667,59.5289,93.92,48,7,3.47,OM
557,Valle De Allende,MX,2022-09-14 12:42:06,26.9333,-105.4,61.99,64,9,4.09,MX
558,Huntingdon,GB,2022-09-14 12:37:38,52.3305,-0.1865,71.8,40,42,5.97,GB
559,Pangai,TO,2022-09-14 12:42:07,-19.8,-174.35,77.11,78,40,13.8,TO
560,Juba,SS,2022-09-14 12:42:07,4.8517,31.5825,91.06,41,46,3.96,SS
561,Puqi,CN,2022-09-14 12:42:08,29.7167,113.8833,79.29,51,97,9.51,CN
562,Adrar,MR,2022-09-14 12:42:09,20.5022,-10.0711,105.44,13,8,20.58,MR
